Модель,Балансировка,Порог,CV F1 при пороге 0.5,CV F1 после подбора порога,CV Precision,CV Recall,CV ROC-AUC,CV Average Precision
Градиентный бустинг,Без балансировки,0.37499999999999994,0.8467153284671532,0.8607242339832869,0.8559556786703602,0.865546218487395,0.9814897357799074,0.9277265404685004
Градиентный бустинг,С балансировкой,0.6599999999999999,0.8378728923476005,0.8472222222222222,0.8402203856749312,0.8543417366946778,0.9808335190550479,0.918917747820942
Логистическая регрессия,Без балансировки,0.24999999999999994,0.5784832451499118,0.6813953488372093,0.5825049701789264,0.8207282913165266,0.93301491163288,0.750549587882931
Логистическая регрессия,С балансировкой,0.6599999999999999,0.6353421859039836,0.6810035842293907,0.59375,0.7983193277310925,0.9335349324337119,0.7468604855658173
Случайный лес,Без балансировки,0.4049999999999999,0.8210526315789474,0.8628005657708628,0.8714285714285714,0.8543417366946778,0.9824445638889981,0.9215625731949278
Случайный лес,С балансировкой,0.5299999999999999,0.8388814913448736,0.8419618528610354,0.8196286472148541,0.865546218487395,0.9792406822323313,0.899146759836387
